Patrick|patrick
Deni|deni
Fulop|fulop
Turcut|turcut
Burki|burki
Rares|rares
